{
	"name": "PL_INGEST_DRIVERS_DATA",
	"properties": {
		"activities": [
			{
				"name": "act_Web1",
				"description": "This activity will get Drivers data from API",
				"type": "WebActivity",
				"dependsOn": [
					{
						"activity": "act_set_var_start_time",
						"dependencyConditions": [
							"Succeeded"
						]
					}
				],
				"policy": {
					"timeout": "0.12:00:00",
					"retry": 0,
					"retryIntervalInSeconds": 30,
					"secureOutput": false,
					"secureInput": false
				},
				"userProperties": [],
				"typeProperties": {
					"method": "GET",
					"url": "http://ergast.com/api/f1/drivers.json"
				}
			},
			{
				"name": "act_Set _limit_variable1",
				"type": "SetVariable",
				"dependsOn": [
					{
						"activity": "act_Web1",
						"dependencyConditions": [
							"Succeeded"
						]
					}
				],
				"policy": {
					"secureOutput": false,
					"secureInput": false
				},
				"userProperties": [],
				"typeProperties": {
					"variableName": "drivers_limit",
					"value": {
						"value": "@activity('act_Web1').output.MRData.total",
						"type": "Expression"
					}
				}
			},
			{
				"name": "act_Web2",
				"type": "WebActivity",
				"dependsOn": [
					{
						"activity": "act_Set _limit_variable1",
						"dependencyConditions": [
							"Succeeded"
						]
					}
				],
				"policy": {
					"timeout": "0.12:00:00",
					"retry": 0,
					"retryIntervalInSeconds": 30,
					"secureOutput": false,
					"secureInput": false
				},
				"userProperties": [],
				"typeProperties": {
					"method": "GET",
					"url": {
						"value": "@concat('http://ergast.com/api/f1/drivers.json?limit=',variables('drivers_limit'))",
						"type": "Expression"
					}
				}
			},
			{
				"name": "act_Set_Drivers_data_variable",
				"type": "SetVariable",
				"dependsOn": [
					{
						"activity": "act_Web2",
						"dependencyConditions": [
							"Succeeded"
						]
					}
				],
				"policy": {
					"secureOutput": false,
					"secureInput": false
				},
				"userProperties": [],
				"typeProperties": {
					"variableName": "drivers_data",
					"value": {
						"value": "@{activity('act_Web2').output.MRData.DriverTable.Drivers}",
						"type": "Expression"
					}
				}
			},
			{
				"name": "act_Copy_drivers_data_to_bronze",
				"type": "Copy",
				"dependsOn": [
					{
						"activity": "act_Set_Drivers_data_variable",
						"dependencyConditions": [
							"Succeeded"
						]
					}
				],
				"policy": {
					"timeout": "0.12:00:00",
					"retry": 0,
					"retryIntervalInSeconds": 30,
					"secureOutput": false,
					"secureInput": false
				},
				"userProperties": [],
				"typeProperties": {
					"source": {
						"type": "DelimitedTextSource",
						"additionalColumns": [
							{
								"name": "my_column",
								"value": {
									"value": "@variables('drivers_data')",
									"type": "Expression"
								}
							}
						],
						"storeSettings": {
							"type": "AzureBlobFSReadSettings",
							"recursive": true,
							"enablePartitionDiscovery": false
						},
						"formatSettings": {
							"type": "DelimitedTextReadSettings"
						}
					},
					"sink": {
						"type": "DelimitedTextSink",
						"storeSettings": {
							"type": "AzureBlobFSWriteSettings"
						},
						"formatSettings": {
							"type": "DelimitedTextWriteSettings",
							"quoteAllText": true,
							"fileExtension": ".txt"
						}
					},
					"enableStaging": false,
					"translator": {
						"type": "TabularTranslator",
						"mappings": [
							{
								"source": {
									"name": "my_column",
									"type": "String"
								},
								"sink": {
									"type": "String",
									"physicalType": "String",
									"ordinal": 1
								}
							}
						],
						"typeConversion": true,
						"typeConversionSettings": {
							"allowDataTruncation": true,
							"treatBooleanAsNumber": false
						}
					}
				},
				"inputs": [
					{
						"referenceName": "DS_SOURCE_TEMP_TXT_DATA",
						"type": "DatasetReference"
					}
				],
				"outputs": [
					{
						"referenceName": "DS_SINK_DRIVERS_DATA",
						"type": "DatasetReference"
					}
				]
			},
			{
				"name": "act_insert_lookup_metadata",
				"type": "Lookup",
				"dependsOn": [
					{
						"activity": "act_Set_Drivers_data_variable",
						"dependencyConditions": [
							"Succeeded"
						]
					}
				],
				"policy": {
					"timeout": "0.12:00:00",
					"retry": 0,
					"retryIntervalInSeconds": 30,
					"secureOutput": false,
					"secureInput": false
				},
				"userProperties": [],
				"typeProperties": {
					"source": {
						"type": "AzurePostgreSqlSource",
						"query": {
							"value": "INSERT INTO formulaonerace_db.formulaone_metadata_table (job_id,job_name,task_name,status,start_time) VALUES ('@{formatDateTime(variables('start_time'),'yyyyMMddHHmmss')}','PL_INGEST_API_DATA','DRIVERS_API','In-Progress','@{variables('start_time')}');\n\nselect job_id from formulaonerace_db.formulaone_metadata_table;",
							"type": "Expression"
						},
						"partitionOption": "None"
					},
					"dataset": {
						"referenceName": "DS_POSTGREYS_SQL_DATABASE",
						"type": "DatasetReference"
					}
				}
			},
			{
				"name": "act_set_var_start_time",
				"type": "SetVariable",
				"dependsOn": [],
				"policy": {
					"secureOutput": false,
					"secureInput": false
				},
				"userProperties": [],
				"typeProperties": {
					"variableName": "start_time",
					"value": {
						"value": "@utcNow('yyyy-MM-dd HH:mm:ss')",
						"type": "Expression"
					}
				}
			},
			{
				"name": "act_lookup_update_season_metadata_entry",
				"type": "Lookup",
				"dependsOn": [
					{
						"activity": "act_Copy_drivers_data_to_bronze",
						"dependencyConditions": [
							"Succeeded"
						]
					}
				],
				"policy": {
					"timeout": "0.12:00:00",
					"retry": 0,
					"retryIntervalInSeconds": 30,
					"secureOutput": false,
					"secureInput": false
				},
				"userProperties": [],
				"typeProperties": {
					"source": {
						"type": "AzurePostgreSqlSource",
						"query": {
							"value": "UPDATE formulaonerace_db.formulaone_metadata_table\nSET status='success',\n    end_time='@{utcNow('yyyy-MM-dd HH:mm:ss')}'\nwhere job_id='@{formatDateTime(variables('start_time'),'yyyyMMddHHmmss')}' and task_name='DRIVERS_API';\n\nselect job_id from formulaonerace_db.formulaone_metadata_table;",
							"type": "Expression"
						},
						"partitionOption": "None"
					},
					"dataset": {
						"referenceName": "DS_POSTGREYS_SQL_DATABASE",
						"type": "DatasetReference"
					}
				}
			},
			{
				"name": "act_lookup_update_season_metadata_entry_copy1",
				"type": "Lookup",
				"dependsOn": [
					{
						"activity": "act_Copy_drivers_data_to_bronze",
						"dependencyConditions": [
							"Failed"
						]
					}
				],
				"policy": {
					"timeout": "0.12:00:00",
					"retry": 0,
					"retryIntervalInSeconds": 30,
					"secureOutput": false,
					"secureInput": false
				},
				"userProperties": [],
				"typeProperties": {
					"source": {
						"type": "AzurePostgreSqlSource",
						"query": {
							"value": "UPDATE formulaonerace_db.formulaone_metadata_table\nSET status='failed',\n    end_time='@{utcNow('yyyy-MM-dd HH:mm:ss')}'\nwhere job_id='@{formatDateTime(variables('start_time'),'yyyyMMddHHmmss')}' and task_name='DRIVERS_API';\n\nselect job_id from formulaonerace_db.formulaone_metadata_table;",
							"type": "Expression"
						},
						"partitionOption": "None"
					},
					"dataset": {
						"referenceName": "DS_POSTGREYS_SQL_DATABASE",
						"type": "DatasetReference"
					},
					"firstRowOnly": false
				}
			}
		],
		"variables": {
			"drivers_limit": {
				"type": "String"
			},
			"drivers_data": {
				"type": "String"
			},
			"start_time": {
				"type": "String"
			}
		},
		"folder": {
			"name": "API_Ingestion_Pipelines"
		},
		"annotations": []
	}
}