{
	"name": "DS_SOURCE_TEMP_TXT_DATA",
	"properties": {
		"linkedServiceName": {
			"referenceName": "LS_formulaoneraceadlsgen2_ADLS_GEN2",
			"type": "LinkedServiceReference"
		},
		"annotations": [],
		"type": "DelimitedText",
		"typeProperties": {
			"location": {
				"type": "AzureBlobFSLocation",
				"fileName": "template.txt",
				"fileSystem": "test"
			},
			"columnDelimiter": ",",
			"escapeChar": "\\",
			"firstRowAsHeader": false,
			"quoteChar": "\""
		},
		"schema": [
			{
				"type": "String"
			}
		]
	}
}