{
	"name": "DS_SINK_RACES_DATA",
	"properties": {
		"linkedServiceName": {
			"referenceName": "LS_formulaoneraceadlsgen2_ADLS_GEN2",
			"type": "LinkedServiceReference"
		},
		"annotations": [],
		"type": "DelimitedText",
		"typeProperties": {
			"location": {
				"type": "AzureBlobFSLocation",
				"fileName": {
					"value": "@concat(item().season,'.json')",
					"type": "Expression"
				},
				"folderPath": {
					"value": "@concat('Races/',formatDateTime(utcnow(),'yyyyMMdd'))",
					"type": "Expression"
				},
				"fileSystem": "bronze"
			},
			"columnDelimiter": ",",
			"escapeChar": "",
			"firstRowAsHeader": false,
			"quoteChar": ""
		},
		"schema": []
	}
}