{
	"name": "DS_SINK_RACES_RESULTS_DATA",
	"properties": {
		"linkedServiceName": {
			"referenceName": "LS_formulaoneraceadlsgen2_ADLS_GEN2",
			"type": "LinkedServiceReference"
		},
		"parameters": {
			"season": {
				"type": "String"
			},
			"Round": {
				"type": "String"
			}
		},
		"annotations": [],
		"type": "DelimitedText",
		"typeProperties": {
			"location": {
				"type": "AzureBlobFSLocation",
				"fileName": {
					"value": "@concat(dataset().season,'_',dataset().Round,'.json')",
					"type": "Expression"
				},
				"folderPath": {
					"value": "@concat('Results/',formatDateTime(utcnow(),'yyyyMMdd'))",
					"type": "Expression"
				},
				"fileSystem": "bronze"
			},
			"columnDelimiter": ",",
			"escapeChar": "",
			"firstRowAsHeader": false,
			"quoteChar": ""
		},
		"schema": []
	}
}